Character, number of unique words
fan wearing #82, 3
an anchorman, 17
radio host, 43
mr. adler, 257
stan and kenny, 2
revelers, 6
board rep 2, 25
mrs. campbell, 34
melvin 4, 1
pizza hut exec, 22
captain, 270
hispanic reporter, 91
ozzy, 61
cheerleader 2, 4
gerald broflovski, 14
other acts, 1
ms. turnod, 37
geraldo, 139
confederate reenactors, 1
anchorwoman, 13
hbc president, 134
mrs. garthunk, 158
stinky, 29
citizen 2, 6
"penis, 6
melvin 3, 9
tweek, 520
officer 4, 78
unkempt garrison, 49
redneck 24, 4
blanket, 150
voice-over, 164
construction worker, 37
jack, 173
crip 1, 2
patrick duffy, 11
tad's friends, 2
expert 10, 23
whoopi, 19
new yorker 2, 2
motorcyclist, 1
front desk officer, 24
spy angel, 27
a congressman, 16
cavity creeps, 5
man 2 in crowd, 3
george zimmerman, 73
purple hare, 1
a guest, 13
bill, 278
cher, 15
bus driver, 134
miller, 44
p.f. pityef, 185
chef, 1921
quint 3, 52
the males (randy), 32
sp team, 6
mrs. tweek, 59
cesar, 263
three tortured souls, 3
mr. tuong, 23
paul harris, 50
ned, 286
fonzie, 13
giant douche, 70
bucky bailey, 126
frat boy 2, 1
frat boy 1, 4
his date, 11
dr. schwartz, 65
grizzled man, 3
congressman 2, 38
groupie, 13
spontaneous bootay, 3
ninja 2, 3
tom and mary, 4
mother lion, 5
carson replica, 7
reporter, 1344
fat abbot, 99
mel, 157
men, 43
drew, 24
shopper 1, 41
shopper 2, 49
shopper 3, 39
dora, 14
shopper 5, 9
mitch conner, 235
shopper 7, 19
shopper 8, 4
trainer 2, 6
jimmy buffet, 4
mr. adams, 238
sixth grader 2, 61
gerry, 81
fbi negotiator, 6
kids, 206
daughter, 44
inductee 2, 2
black bitch, 33
bat dad, 70
elton john, 25
ugly girl, 2
paris, 269
jill, 16
woman supporter 1, 7
sawitzky, 37
mime, 108
otters, 2
mongolian, 3
terrance & phillip, 29
female hippie, 6
aarp member 2, 1
tour guide, 322
music instructor, 52
policeman 1, 31
aarp member 1, 4
mr mackey, 16
tupperwear, 38
morpheus, 204
mimi, 17
haman, 9
player 4, 5
player 3, 9
guests, 11
player 1, 22
car salesman, 5
sixth grader 8, 1
boy announcer, 14
sarah, 96
sgt. larsen, 14
german 2, 3
mrs. applegate, 2
barky, 1
german 1, 6
pedo 4, 2
both parents, 3
bradley biggle, 7
televangelist, 14
a council member, 3
"congressman 1, 9
aarp lookout, 4
alton brown, 46
priest maxi, 549
females, 20
supporters, 17
tim burton, 5
schroeder, 2
reo speedwagon, 28
pilgrim girl, 1
clerk 1, 42
clerk 2, 68
clerk 3, 64
clerk 4, 67
mrs. brooks, 37
an officer, 39
bald convict, 18
gelgamek cardinal, 42
laura tucker, 16
springer, 8
chief running pinto, 89
bartender, 67
mc, 223
porcupiney, 39
female sailor, 2
worm, 20
frog king, 186
resident 11, 9
expert 9, 167
mover, 3
mechanic, 274
new cartman, 138
big-eared boy, 18
expert 1, 84
expert 2, 50
hansen, 200
expert 4, 122
expert 5, 2
expert 6, 18
expert 7, 24
dr. mephesto, 207
female voice, 62
townswoman 1, 2
audience members, 17
social worker, 65
war protester, 16
bee alien, 23
"randy, 17
esther, 5
horace, 42
mr. kim, 271
angela merkel, 10
disciples vocalist, 7
lsx reporter, 7
coach 2, 30
iggy, 62
skyler, 307
the cotswolds, 6
mr. dawkins, 227
another kindergartner, 3
drummer, 3
tall goon, 14
star wars kid, 21
boy in glasses, 6
mr. slave, 282
chauffeur, 29
cabbie, 19
deery, 47
protestor #5, 12
protestor #4, 2
protestor #3, 30
m.c., 147
protestor #1, 7
davis, 42
mr. tucker, 29
ss agent 2, 7
mrs. brown, 16
president, 621
mr. farkle, 49
fan 1, 20
r. kelly, 61
ike supporter, 3
head baker, 26
cowlick vamp, 21
water tester, 165
resident 15, 13
old woman, 19
game voice, 7
mrs. gueermo, 53
captain bly, 11
purry, 1
sarah valmer, 6
blond russian, 21
akmarh, 115
fifth graders, 1
inductee 1, 2
wing, 12
amir, 28
mrs cartman, 1
shoe salesman, 22
a banana, 9
wally b., 7
cornwallis, 101
jabs, 72
other people, 1
mr. turner, 55
japan, 36
satan/chris, 1
mayor, 926
sidney poitier, 43
brandon carlile, 101
gambler 2, 10
stevens, 10
edge, 36
redneck 30, 1
conner, 49
craig's father, 17
mr. hankey, 608
roland, 5
surgeon-general, 59
diner 2, 15
fat boy, 25
another kid, 2
diner 1, 14
blonde girl, 90
the cubs, 7
the wise one, 63
band, 7
johnny knoxville, 11
jim lehrer, 66
kyle/cartman, 1
fda agent 1, 2
fc fat player, 7
hippie 3, 26
hippie 2, 36
hippie 1, 24
broloff, 182
alex, 54
hippie 6, 6
hippie 5, 10
hippie 4, 8
older louse, 39
supporter 5, 15
supporter 4, 2
supporter 3, 7
supporter 2, 10
supporter 1, 39
choir, 107
mr. denkins, 11
bono, 148
mayor mcdaniels., 5
ms. ellen, 226
manbearpig, 5
"dahmer, 2
rosemary, 11
receptionist 2, 23
carlos, 2
stan/kenny/ cartman, 11
gerald and sheila, 1
mamsie, 22
aide, 198
r. west, 24
member, 10
looter 4, 3
mr. mathers, 18
mr. biggle, 82
jakovasaur kid 1, 3
collector, 16
boy slave, 12
jakovasaur kid 5, 3
jakovasaur kid 4, 2
mr. streible, 75
jimbo, 1525
oprah, 241
god, 198
psychic, 59
expert 11, 6
mandy, 13
agent keen, 49
hatoyama, 26
daniel, 54
morgan freeman, 188
hooker, 4
kip's dad, 52
angelina jolie, 2
braided crip, 6
chief running water, 92
sharon, 1500
backup singers, 2
with choir, 45
the other kids, 8
uriel, 56
stacy, 3
jersey man, 22
monkey, 2
elderly man 4, 11
elderly man 5, 2
chris holt, 72
elderly man 7, 6
elderly man 1, 15
elderly man 2, 24
elderly man 3, 6
elderly man 8, 12
elderly man 9, 12
canadian 3, 1
mrs. donovan, 50
a hippie, 17
thin cop, 41
record producer, 173
cartman smurf, 42
stewart, 111
pirate ghosts, 2
pa system, 26
center gnome, 4
patrons, 8
shopper, 10
elmo, 32
researcher, 189
a cat, 1
company rep, 55
mj's hologram, 74
george lucas, 97
brunet man, 10
female nurse, 5
tom brady, 5
beat-up boy, 1
frat boys, 1
a fan, 8
blond man, 109
more voices, 2
union reenactors, 1
white bouncer, 9
geoff hamill, 121
freddy krueger, 79
looter 3, 4
girls, 65
record executive, 258
number 37, 77
cowboy 1, 4
dr. katz, 61
cowboy 2, 8
master, 66
bea arthur, 2
tom, 659
police drone, 16
old-timer, 17
john, 25
gay lion, 1
middle prostitute, 8
richard tweek, 9
kenny g., 26
two girls, 2
laborer 4, 13
sparkly vampire, 32
denver citizens, 1
other soldiers, 5
helen, 4
gretchen, 17
an aged voice, 1
ual aide, 15
bebe, 658
preacher, 11
guy fieri, 31
dawkins, 4
gordon stoltski, 54
hammerhead man, 5
news 4 reporter, 126
female host, 24
lion 2, 17
bum 7, 9
female singer, 42
specialist 4, 13
specialist 3, 42
specialist 2, 13
specialist 1, 74
contestant 2, 8
driver 2, 62
greg nimins, 83
the minotaur, 37
top official, 57
smoker, 11
talent scout, 59
aarp members, 2
cartman's conscience, 12
hockey player, 13
bum 18, 1
the girls, 25
jimmy kimmel, 27
crew, 2
mr. donovan, 83
ginger boy 2, 17
corporate head, 20
connelly, 195
the freaks, 6
blavius, 135
derek, 28
bob summers, 44
two elders, 1
uncle jimbo, 51
"scott, 2
redneck 9, 9
redneck 8, 16
neo, 32
redneck 1, 6
redneck 3, 3
mother, 85
redneck 5, 15
a nurse, 13
redneck 7, 6
redneck 6, 8
translator, 28
little girl, 29
cardinal mallory, 9
waiter, 72
alan, 24
with females, 8
a quint, 13
yanogapa 1, 1
yanogapa 2, 1
prostitute, 5
singer, 452
don, 54
frankenstein alien, 29
"the new lyrics, 72
fuhrman, 57
alarm, 13
m, 30
hillary, 93
rancid, 17
some people, 5
tech, 6
summit host, 14
mrs. harris, 22
stan and kyle, 15
constance, 9
musician 3, 1
musician 2, 15
inmates, 1
townsman 11, 2
teresa, 186
pops, 37
queen spider, 15
charlie sheen, 18
all five quints in unison, 5
ghandi, 10
squirt 1, 8
spokesman, 87
employee 2, 2
kids at finish line, 7
mr. garrison sr., 141
layman, 33
sixth graders, 8
flight attendant, 153
snoop dogg, 95
bush, 269
lab tech, 19
rick, 368
osama and the taliban soldiers, 1
gs-401, 76
some folks, 1
executive, 21
robber 1, 41
robber 2, 28
efsm president, 64
dj, 225
third official, 16
cartman on right, 5
pocket, 296
female cps agent, 16
tammy, 199
the other four, 1
reenactors, 4
new yorker 1, 1
earl, 8
fieldy, 95
miss travis, 15
gary nelson, 47
floating man, 1
fields, 6
leonard maltin, 210
most senators, 1
mepehsto, 13
dc crewmen, 4
bab, 8
news anchor, 452
all gingers, 1
road workers, 8
cee lo green, 25
cleric 2, 15
secretary, 104
alias 1, 26
employee 1, 7
vampir, 176
conan o'brien, 56
specialist, 100
a skier, 7
ticket agent, 12
nun, 19
keenan, 161
sgt. boll, 17
dark cub, 8
dispatcher, 16
pete, 484
the harrisons, 5
john travolta, 49
manson, 269
laertes, 80
café 180 patron, 11
hitler, 21
younger daughter, 6
melissa, 12
a boy, 97
aunt jemima, 43
wigger, 25
pirate, 3
ms. choksondik, 687
black member, 11
ms. williams, 21
boss, 73
toothbrush, 13
vernon, 33
paparazzo 7, 10
official 3, 17
man 31, 4
newt, 59
cop, 16
police officer 2, 25
frothgar, 47
cow, 13
indian ambassador, 9
meredith, 24
announcer 1, 73
persian 2, 53
honey boo boo, 72
"tweek, 2
retarded fish, 7
audience member, 5
coon's friends, 6
photographer, 96
shopper 4, 41
afghan boys, 33
jason voorhees, 18
tivo, 4
"bridon, 15
guard on right, 9
canadian pm, 88
fillmore, 31
shopper 6, 34
character, 226
karen, 121
the boys and the brandos, 1
brad morgan, 82
jerry jones, 7
shopper 9, 8
tony, 79
blonde, 164
mrs. garrison sr., 66
right breast, 20
linda black, 25
miner 4, 6
miss stevens, 243
miner 3, 34
miner 1, 110
lead soldier, 10
chris swollenballs, 82
purity boy 1, 39
voguing skier 2, 8
purity boy 3, 11
purity boy 2, 15
hotforboys219, 45
scout leader, 3
print reporter, 13
red-haired woman, 24
parents, 9
press coordinator, 14
"wendy, 9
fc catcher, 5
riley, 45
nurse 1, 6
man in barrel, 4
cajun shrimper, 47
worker, 147
nurse 2, 11
lice, 2
mrs. joe, 84
dave, 68
officer 8, 15
child, 7
officer 3, 116
officer 2, 246
officer 1, 378
board rep 1, 30
officer 7, 61
officer 6, 25
officer 5, 70
melvin 2, 8
mohammad, 75
anchorman 2, 19
mephesto tryout, 14
"stan, 124
stout man, 2
castro, 5
big gay al, 403
third graders, 6
wolf blitzer, 35
lead referee, 11
ballmer, 122
voice, 199
geologist 2, 38
anchor, 829
geologist 1, 10
tugger, 11
veronica, 104
iraqi man 2, 2
iraqi man 1, 2
quint #2, 8
short reporter, 41
jamie oliver, 20
player, 97
bill cosby, 93
anchorman tom, 98
madonna, 5
doorman, 39
mouse, 18
woman with brown hair, 52
confederate 1, 1
woman supporter 2, 4
human kite, 181
confederate 2, 14
bearded man, 59
soldier, 130
atf leader, 24
kathie lee, 36
jerry, 24
"dale earnhardt, 12
jeff gordon, 22
gambler 3, 11
vanessa, 28
gambler 1, 10
diner 4, 7
diner 3, 7
biker 6, 66
an old farmer, 79
gambler 4, 7
millie, 48
biker 7, 16
patsy ramsey, 56
other men, 18
karin, 40
cupid me, 58
saddam, 386
kip, 102
warden, 118
kim, 17
redneck, 8
paul stanley, 39
greeter, 44
mr. jefferson, 5
kid, 31
"chef, 12
paratrooper, 4
computer voice, 22
lucas, 39
vacationer 1, 22
charlie, 122
kyle, 5093
buff crip, 104
big harry, 72
roma, 38
anchorman, 403
barack obama, 5
towelie, 387
left, 25
hare 3, 5
cous-cous, 12
kale, 38
squirt 2, 23
mr. stevens, 17
foofa, 70
hare 5, 8
queen gertrude, 13
mr. mackey, 1881
blonde peta member 2, 25
hare 6, 5
the rest of the boys, 1
broncos, 2
people's army leader, 62
stuart and mrs. mccormick, 1
man 30, 4
the wizard, 18
head of public safety, 38
sea otters, 2
josh, 342
jesus' producer, 45
cartman's voice, 4
ma'am, 15
cantor, 12
subway rep 3, 18
towelie clone, 2
ethiopians, 3
contestant, 11
runs with premise, 241
mr. tumnus, 9
tank driver, 14
creamy goodness, 110
elders, 8
arab, 26
transient man 5, 81
glinda, 27
beast, 12
judge, 343
burns, 45
other women, 5
vanity, 64
biker 12, 5
biker 13, 16
biker 10, 18
biker 11, 8
boy #1, 15
biker 14, 5
kyle 1, 111
biker 15, 7
players, 2
boy #2, 29
alice, 4
muslim 2, 12
mosquito, 155
mormon 5, 3
robot guard, 1
soldier 6, 15
attorney, 234
ms. mccormick, 20
dean, 330
dimitri, 21
abraham lincoln, 149
people, 13
staff, 4
vice president, 98
board member, 29
tall crip, 10
guard 8, 16
guard 9, 6
donald, 7
blond agent, 19
melita, 38
guard 1, 104
guard 2, 154
guard 3, 47
hotline man, 30
mr. torres, 1
guard 6, 19
guard 7, 5
anne, 2
megan, 2
black plumber, 28
other kids, 16
denver fans, 1
delivery man, 19
officer, 257
other psychics, 1
with demons, 3
gary johnson's profile, 7
ben affleck, 2
fred savage, 2
cardinal mahoney, 82
cleric 1, 8
deputy 1, 15
host 1, 58
host 2, 48
deputy 2, 2
suicide 5, 1
suicide 4, 1
suicide 7, 4
suicide 6, 1
suicide 1, 5
mcdonald's exec, 122
suicide 2, 1
choir teacher, 278
evil stan, 39
wayne d, 55
cowboy, 24
man with mustache, 7
man 24, 4
older daughter, 10
another man, 2
townsman, 93
"cartman, 41
leprechaun, 40
head nurse, 10
emcee, 17
protester 7, 3
liane and cartman, 20
president clinton, 78
protester 4, 8
protester 3, 15
protester 2, 13
protester 1, 20
new yorkers, 1
a red wing, 4
lois, 32
laborers, 5
right, 8
other seniors, 1
agent clark, 77
nancy kerrigan, 1
best buy rep, 25
muscleman marc, 35
other cardinals, 2
photo seller, 16
girl with blue vest, 4
uncle murray, 7
crowd, 134
kyle's side, 1
spiky vamp, 6
roostor, 3
agent 12, 14
agent 10, 9
agent 11, 6
guy in flat top, 2
joseph, 1
pamphleteer, 138
editor, 29
security guard, 158
tony hayward, 155
south korea, 2
gil, 5
osama bin laden, 98
head, 77
apple man 4, 5
apple man 2, 3
apple man 1, 81
the marshes' answering machine, 13
another addict, 3
alf member, 7
the guys, 1
twirler 2, 25
twirler 3, 9
patient, 5
twirler 1, 19
analyst, 11
twirler 4, 9
otter soldier, 4
adam sandler, 59
wrestler, 11
swat officer, 5
bill o'reilly, 79
loa tse, 3
black man 2, 6
dr. land, 46
solders, 5
usher, 41
emir, 86
reenactor 4, 1
mrs.tucker, 6
with the damned, 14
other girls, 1
passenger, 120
frederick, 137
umpire, 33
"thomas, 3
pilgrim king, 71
male louse, 20
marksman, 12
man with no limbs, 36
adams county, 3
sound engineer, 23
passenger 3, 23
tron soldier, 5
number 17, 29
guard 4, 8
ninja 1, 3
guard 5, 3
another boy, 2
male host, 42
hasselback, 2
protester, 24
baker 2, 5
girl in puppy t-shirt, 25
jenkins, 31
richie, 22
princess diana, 9
research leader, 205
cartman (butters), 32
center, 33
denver poll worker, 25
maitre d, 53
filmore, 104
aunt nellie, 41
squirrelly squirrel, 58
troupe, 7
skeeter, 434
denver player 2, 12
lil kathie lee, 61
ethiopian woman, 3
refugee man 1, 6
mr. freely, 54
refugee man 3, 22
refugee man 4, 28
refugee man 5, 68
teen boy, 54
paramedic 1, 10
billy mays, 150
together, 51
kelly pinkertonstinfurter, 1
male sailor 1, 1
male sailor 2, 1
ranger pete, 56
man 18, 4
ride operator, 15
catatafish, 133
a terrorist, 1
neighbors, 1
her crotch, 49
coach, 296
ron, 192
female staffer, 12
tweek's mom, 47
crab solo, 5
laura, 104
roy, 125
manager, 342
milo, 11
sony president, 58
"kids, 4
romanian official, 64
a cowboy, 19
pueblo team, 2
vet, 57
william, 60
jogger, 14
news reporter, 42
father, 207
black official, 29
chief david, 125
president wulff, 111
iraqi, 10
boy in the red shirt, 50
man in crowd, 3
foley, 21
blonde 2, 7
angel 9, 6
chet, 82
girl 2's father, 22
angel 4, 12
angel 5, 26
angel 6, 5
boombox, 62
angel 1, 3
angel 2, 3
angel 3, 42
president calderón, 55
congregation, 44
flora, 11
"lola, 5
homeowner, 90
coon, 702
henrietta, 378
p-train, 40
dio, 55
officer bob, 3
neo 2, 17
head concierge, 9
carrot ass, 30
gary condit, 44
bikers, 7
damien, 150
mormon 6, 20
dr. shay, 70
mephesto actor, 13
mormon 1, 49
mormon 2, 52
bishop 2, 3
bishop 1, 1
network president, 136
injured man, 10
tactical officer, 15
thumper, 148
disney exec 2, 15
older boy, 85
disney exec 1, 16
john warzog, 74
colin, 7
"butters, 5
snn anchor, 114
gary coleman, 4
trent, 143
assemblyman 4, 16
assemblyman 1, 13
beavery beaver, 25
assemblyman 3, 7
assemblyman 2, 24
expert 8, 2
elton, 177
postman, 39
beelzeboot, 38
jesse jackson, 67
mr. hat 2, 7
mr. hammerhead, 2
danica patrick, 20
supporter, 3
shopper 12, 4
shopper 13, 7
shopper 10, 5
shopper 11, 3
a few congressmen, 5
bob dole, 24
jakovasaur girl, 2
male guest, 6
butters' profile, 8
steve forbes, 13
director 2, 104
director 3, 97
caller 1, 12
director 1, 54
mr. peters, 87
director 7, 17
director 4, 22
director 5, 35
clerk, 492
muslim, 1
taps, 1
travolta, 47
man in middle, 16
blonde 3, 1
"van gelder, 22
"gary sr., 3
alone, 15
cartamn, 6
teacher, 197
romper stomper, 190
boy, 185
expert 3, 17
china, 22
red wings coach, 3
nelly, 135
mrs. garrison, 1077
police chief stevens, 36
older girl, 1
women, 11
buddy 2, 19
buddy 1, 7
bob, 158
boys 1/2, 7
caller 3, 29
king, 66
chief elder, 201
winner, 2
mcguire, 7
chinese commentator, 110
tom davis, 57
agent 3, 41
lesbian 4, 13
dr. janus, 301
damned soul, 3
farrah fawcett, 7
mr. harrison, 8
jim irsay, 37
candice, 43
tan jovi, 19
shelley, 34
japanese pilot, 1
saddam/chris, 7
everybody, 34
iron maiden, 4
vamps, 2
clean garrison, 77
swat officer 5, 3
human wendy, 30
dude, 46
a diner, 7
mencia, 63
theme, 4
blond member, 17
paparazzo 11, 6
paparazzo 10, 16
paparazzo 12, 12
tape, 30
police commissioner, 9
angels, 4
prosecutor, 78
barkeep, 106
some adults, 2
commissioner, 1
paparazzo, 13
conductor, 71
fat girl, 28
general disarray, 23
cashier, 174
jennifer lopez, 198
odd boy, 41
casey, 143
member 6, 8
zazul, 41
mr. testaburger, 111
man on crutches, 3
big blonde, 8
teen mc, 49
member 5, 23
sir 1, 11
stan/kyle/ kenny, 1
lumberjack, 18
cat, 9
police captain, 43
mousey, 48
the women, 1
elderly woman 7, 6
soldier 7, 2
meredith vieira, 18
elderly man, 102
nurse goodly, 16
soldier 3, 60
soldier 2, 62
soldier 1, 45
mrs.mccormick, 36
pirate voice, 33
performer, 2
female director, 16
chip, 1
heidi's mom, 12
fan wearing a blue star, 5
agent, 317
millionaires, 2
guy in audience, 2
muno, 16
a ring tone, 4
reveler 1, 1
stockbroker, 63
dennis, 21
reveler 4, 1
reveler 5, 1
magician, 16
coach connors, 146
zytar, 41
farmer 2, 18
tiger woods, 15
det. yates, 117
a protester, 2
cardinal, 28
veteran guard, 125
rich kid, 23
other mothers, 6
otter 1, 30
agent 9, 10
otter 3, 4
otter 2, 4
junichi, 86
spielberg, 77
news anchor 2, 58
man 17, 7
snooki, 9
fillmore and friend, 1
stuart, 573
"mr. mackey, 3
steven spielberg, 191
emperor akihito, 150
bear, 1
news announcer, 9
standing patron, 13
date, 4
dahmer, 56
man, 679
donald t. brown, 13
side judge, 7
girl with brown coat, 3
johnson, 76
mr. feegan, 99
patron with hat, 13
some boys, 1
fisherman, 21
train conductor, 32
bill gates, 18
blue team, 2
crowd outside, 19
security guard 1, 6
background singers, 6
joe strummer, 34
schwartz, 34
oc member, 4
lab tech 1, 39
rabbi, 66
a musician, 6
lab tech 2, 6
protester 5, 1
black kid, 7
richards, 95
bennigan's chef, 8
lead fbi agent, 17
"cruise, 21
kanye, 431
peterson, 56
wonder woman, 16
fifth grader, 65
other officers, 10
group, 60
attendant 1, 38
cheerleaders, 41
mr. hardly, 96
lamb chop, 42
senator 4, 12
"you and me, 40
farmer, 76
man in audience, 3
stingray announcer, 34
chief running pinto (tommy chong in his stoner voice), 15
stephen tamil, 33
ms. sanders, 41
a man, 40
tony kornheiser, 48
alien carl, 7
tucker, 87
club members, 2
lead biker, 249
secure group, 2
teller, 129
chinese kid, 4
mrs. tweak, 166
"a singer, 12
hancock, 28
hemorrhoid, 2
the boys (except cartman) and dr. phillips, 4
scientist 1, 86
scientist 3, 7
scientist 2, 86
scientist 5, 6
scientist 4, 4
grandma obama, 9
other townsfolk, 1
stan marsh, 14
woodpeckery, 16
señor lopez, 25
sinéad, 19
left creature, 1
ed, 26
scott tenorman, 147
meat loaf, 30
elder garth, 203
man with foot on head, 116
caller 2, 17
bradley, 157
lion 1, 11
phillip stand-in, 49
persian, 3
townswoman, 19
oc leader, 60
girl, 148
second baseman, 7
kkk leader, 112
al gore, 358
george bush, 59
soloist, 18
linda stotch, 17
other vamps, 1
tom shane, 4
david duchovny, 3
stallone, 13
priest, 207
doi 1, 130
doi 3, 20
doi 2, 90
old man 2, 23
other campers, 1
melvins, 7
espn announcer, 13
reveler, 2
smalls, 115
bookie, 15
"the ramseys, 8
sonny, 27
garrison actor, 7
plex, 101
mercedes, 180
fbi agents, 1
future stan, 170
carl, 36
grandma, 101
man with no face, 35
pedo 2, 13
pedo 3, 9
barbrady actor, 30
orc, 9
pedo 6, 3
pedo 7, 5
t-shirt vendor, 9
tong leader, 167
anderson cooper, 61
factory workers, 24
estella, 148
mr. hat 1, 7
congressman, 1
punk, 2
r. booth, 13
registrar, 29
gordon, 45
blacksmith, 6
cartmans/boys, 32
two swat men, 2
rumsfeld, 9
eod leader, 34
pueblo dad, 5
john garner, 134
kid magician, 1
lollipop king, 66
galeed, 77
rachel, 36
blond boy, 2
jeffrey maynard, 69
demonius, 48
teen boy 7, 4
president hirohito, 153
man in back, 1
the boys, 126
jakartha, 54
rudy, 26
engineer, 12
sheep, 1
mailman and kids, 30
jimmie johnson, 34
teen boy 2, 22
carson, 41
dr. spookalot, 17
shoppers, 15
all three, 11
bsm-471, 222
bobo, 50
driver 3, 18
driver 1, 34
driver 4, 7
driver 5, 8
janitor 2, 3
woodland critters, 25
french captain, 69
city wok owner, 43
male nurse, 33
blonde nurse, 10
clinic doctor, 166
cops, 23
mrs. miller, 94
cpt. gabriel, 59
eric roberts, 15
thad, 23
bum 6, 1
boyfriend, 30
her blossom, 7
ted koppel, 114
nathan, 434
chef's mom, 46
baahir, 23
radio talk show host, 27
stormtrooper, 1
terrance, 696
joozian 1, 128
"mike, 5
mr. jarvis, 30
counselor, 84
janitor, 73
russia, 6
sam, 9
resident 10, 7
craig, 842
resident 12, 16
resident 13, 4
resident 14, 4
det. jarvis, 72
voices, 8
biker 8, 6
biker 9, 1
mr. wyland, 206
comedian, 93
stanley, 3
biker 2, 61
u.n. leader, 46
biker 4, 13
biker 5, 9
kevin, 215
superman, 42
mr. harris, 31
stephen stotch, 27
u.s. army official, 43
randy marsh, 2
fr. maxi, 19
jefferson, 47
bob saget, 140
bailey, 49
transient man 4, 26
transient man 6, 27
transient man 1, 29
transient man 3, 23
transient man 2, 19
postmaster, 57
talk show host, 26
sound man, 41
chamber of farts operator, 24
asian reporter, 43
pharaoh, 81
dylan, 28
uaa leader, 138
connor, 2
counselor steve, 9
librarian, 53
tracy, 45
other members, 10
woman 1, 253
michelle, 218
woman 3, 74
woman 2, 169
woman 5, 14
woman 4, 60
woman 7, 8
woman 6, 5
woman 8, 1
phil, 239
ex-convict, 71
tooth, 13
publisher 2, 76
publisher 1, 77
with boys, 29
profile 3, 1
uncle, 8
harvey brown, 102
butter's voice, 7
viewer 1, 7
army official, 40
detective, 226
japanese delegate, 4
rockety rocket, 18
head of programming, 83
"man 2, 3
people in crowd, 8
moderator, 37
a guard, 3
therapist, 196
old woman 2, 3
line ride operator, 27
indian 1, 14
blond knight, 18
enrique iglesias, 7
adolf, 26
cheesy poof cartman, 1
otis, 31
chef actor, 35
nadia, 13
thompson, 21
evil kyle, 44
time child, 166
ugly bob, 206
an agent, 3
dr. lott, 135
mr. gueermo, 226
jinbo, 17
jakovasaur, 53
oc members, 17
assistant, 193
the other boys, 9
man with terrible skin condition, 120
james taylor, 17
head waiter, 30
thomas mcelroy, 10
prof. thomas, 127
latino protesters, 5
m. night shyalaman, 38
moviegoer, 4
small group, 7
krishna, 74
xerxes, 83
pimp, 44
artist, 13
captain hindsight, 234
violet hare, 8
tele's owner, 37
kurt loder, 116
darryl weathers, 299
miles, 214
roger, 196
landlord, 11
rancher bob, 173
various folk, 1
amanda, 61
husband, 83
rebecca turnod, 93
mrs. cotswolds, 50
jersey people, 6
lt. nelson, 64
greeley officer 2, 5
greeley officer 3, 29
greeley officer 1, 19
man with picket sign, 3
anchor man, 77
mrs. stevens, 90
bum 10, 1
alanis morissette, 2
optometrist, 2
bum 13, 6
israeli, 10
viewer 2, 4
viewer 3, 6
chef's dad, 76
mr. tenorman, 38
a woman, 46
future cartman, 54
robot monkey, 1
staffer, 20
afro ninja, 23
roadie, 20
lead vampire, 23
teens, 1
pit crewman, 23
persians, 1
marvin, 396
timmy, 148
middling group, 6
jo, 33
diners, 7
cocka-3, 7
singers, 345
hc driver 1, 1
hc driver 2, 1
hc driver 3, 11
hc driver 4, 1
hc driver 5, 10
hc driver 6, 26
hc driver 7, 35
"mccain, 3
cartman/ kenny, 1
mona, 23
a driver, 12
jersey man 2, 7
monk, 2
millionaire, 13
flight attendant 3, 6
flight attendant 2, 3
flight attendant 1, 7
senator, 28
astronaut 2, 23
astronaut 1, 31
a teen boy, 13
israeli 2, 8
hazmat man, 4
suzanne, 11
trashman, 11
kanye (backup singers), 97
reenactor, 3
mccain, 169
comrade 1, 10
comrade 2, 8
girl 1, 77
poe, 154
nicole, 59
center 2, 11
center 1, 2
millionaire protesters, 4
howard, 147
russel crowe, 19
toothpaste, 6
older kid, 7
michael buffer, 45
rider 1, 14
mark, 468
mr. johnson, 14
rancher, 176
legless boy, 5
mary, 70
agent 1, 132
other man, 3
dr. neeland, 89
walsky, 42
lesbian 11, 2
lesbian 10, 11
lady 2, 14
lady 1, 47
tiger, 112
brunet member, 4
minister, 379
terrorist #1, 4
squirrely, 104
kobe bryant, 40
spirit, 43
pilot, 155
polly, 69
african-american, 59
fangirls, 2
kevin donahue's profile, 7
rabbity rabbit, 4
cast, 34
centers and right, 12
the tape, 71
a few people, 2
dc captain, 25
sledders, 1
priests, 4
ramdu, 7
crewman, 7
black vamp, 93
aunt flo, 86
bros, 1
commander, 269
denver catcher, 9
guide 1, 11
ben rothlisberger, 8
jakovasaur boy, 6
mr. garrison, 2432
kenya, 5
man in vest, 25
tourist, 6
male aide, 5
pat, 191
doctor, 827
hat mccollough, 27
medic, 85
lil mr. garrison, 17
elderly woman, 116
crowd member, 1
denver cop, 9
guy with long hair, 3
followers, 14
mr. valmer, 26
male crew 1, 8
mr. appleby, 25
pizza man, 9
pam, 13
pan, 9
blonde russian, 16
ginger boy, 45
jeffrey, 96
putin, 66
mr. geiger, 10
ween, 13
cartmen, 4
driver, 409
francis ford coppola, 14
patron 8, 27
patron 9, 7
harris, 136
robert pooner, 151
polly prissypants, 109
the dragon, 21
patron 2, 44
patron 3, 37
patron 4, 2
vocalist, 6
patron 6, 18
patron 7, 1
kkk members, 10
techs, 1
customer 2, 16
bailiff, 9
female reporter, 49
all the boys, 6
poor girl, 10
fat priest, 9
congressmen, 7
louse 9, 22
louse 8, 5
louse 7, 27
biggie smalls, 6
louse 5, 9
louse 4, 6
louse 3, 3
louse 2, 5
louse 1, 4
blackjack dealer, 31
randy singing, 10
gates, 172
other bikers, 8
karl rove, 10
marklar, 53
large crip, 5
toby, 19
gavin, 54
lead alien, 38
director 9, 2
kylie's mom, 13
rumpertumskin, 63
moroni, 74
aussie crewman, 5
an elderly woman, 6
larry king, 139
death, 4
guy 1, 1
mr.mackey, 10
nick, 35
hotline voice, 85
employee 3, 13
xenu, 3
paula deen, 25
dr adams, 23
joline, 51
isis spokesman, 14
voice 1, 5
voice 2, 7
skier, 2
priest 4, 6
jake, 10
cult leader, 69
schwarzenegger, 21
younger man, 47
man with grey hair, 29
red cross chick, 16
nurse bronski, 74
dr. adams, 265
regis, 43
tom vilsack, 140
mephesto, 640
scuzzlebutt, 3
greenfield, 185
mom, 136
natsako semu, 6
snarf, 42
both sides, 1
rebecca, 191
towel, 7
adams, 77
stranger, 17
nathan's mom, 52
black boy, 1
mr. evans, 187
tom hanks, 28
audience, 45
brunet trekker, 32
midnight vampire, 24
the others, 2
lead scientist, 148
icarus, 12
lead ginger, 39
townsman 15, 6
dale, 4
pirate 8, 7
peter panda, 42
pirate 3, 12
pirate 2, 21
pirate 1, 17
marsh family, 6
pirate 7, 6
pirate 6, 14
pirate 5, 33
lucy, 37
japanese sailor, 3
cowboys, 5
"mr. hankey, 17
really shocked man, 2
denver pitcher, 24
pinkerton, 133
fat plumber, 9
cop 2, 22
cop 1, 30
stagehand, 96
seaman, 81
man in brown shirt, 8
mr. fun, 85
buddha, 53
salon girl, 22
aussie, 172
squirt, 34
townsman 13, 4
matthew mcconaughey, 33
kansas, 24
assembly, 1
vivian, 14
anchor tom, 188
ellen degeneres, 45
richard tweak, 299
broker, 28
electronic head, 15
the broflovskis, 7
francis, 25
newscaster, 147
cartman's bad side, 10
kindergartners, 43
beavery, 89
doctor's assistant, 2
darth chef, 23
marc, 29
oc, 1
ms. havisham, 211
the crew, 2
mr. pratt, 42
protester 6, 1
sarah's mom, 21
"stuart and wife, 3
amber, 24
marilyn manson, 9
ladies, 1
porsche, 98
mr. twig, 56
skunky, 42
orator 2, 42
orator 1, 35
subway representative, 65
millionaire 1, 6
everyone, 34
kyle schwartz, 147
angel, 22
gary, 357
operator, 236
native american chief, 23
fanciful mayor, 203
pirates, 11
joseph smith, 126
mr. hat, 242
shelly, 524
mohawk vamp, 6
driver 3's passenger, 13
liane, 1106
accordionist, 4
lou, 73
mrs. weatherhead, 61
some audience members, 2
shawna, 82
male passenger, 8
new yorker, 13
some kids, 1
co-worker, 2
refugee man 2, 26
atf lead, 148
other boys, 5
mick, 63
webber, 49
bald knight, 9
the streible girls, 1
bundy, 120
bobby flay, 28
mr. connolly, 342
quadraplegic swiss man, 37
av 1, 29
uncle corey, 4
av 3, 7
av 2, 1
a bodyguard, 17
father barnes, 15
aa speaker, 12
pope francis, 17
mr. billings, 144
frat boy 3, 19
lil kim, 4
man in shorts, 20
agent sharp, 28
"neely, 3
taylor, 25
johnny, 16
sussan, 9
boy #1*, 25
dc crew, 3
girl in pink, 112
visitor driver, 1
general, 587
mormons, 18
russell crowe, 395
britain, 40
singers (widelife), 31
jakovasaur kid 2, 3
girlfriend, 43
nurse gollum, 198
varashnu, 18
jack brolin, 39
bishop, 160
townsman 17, 1
townsman 16, 7
tupac's hologram, 19
townsman 14, 2
heather, 39
blonde judge, 3
artsy man, 11
townsman 10, 2
personnel, 7
slim reporter, 28
ringtone, 1
bible vendor, 6
mrs. tenorman, 22
choir girl, 34
blood 6, 3
blood 5, 6
blood 4, 18
gray hare, 4
paris hilton, 15
blood 1, 6
students, 4
lola, 128
canadian man, 16
black woman, 6
toss-a-ball operator, 36
denver guard, 7
mr. bell, 48
terry, 182
chris, 659
boy 3, 50
emo boy, 8
quincy, 94
phlllip, 2
natalie, 59
reporter chris, 100
thc president, 189
wife, 96
new mormon, 8
rookie guard, 10
a nun, 2
pope benedict, 78
profile stan marsh, 66
corey, 198
mr. derp, 54
nelson, 186
sixth graders 2/3, 1
robert, 162
all, 139
crips, 6
token's father, 13
old monk, 52
elvin, 10
crip 2, 11
gene siskel, 2
butt out! lady, 31
swat hansen, 12
emily, 12
jessie, 28
sixth grader 5, 10
sixth grader 4, 19
sixth grader 3, 15
trainer 3, 13
sixth grader 1, 130
trainer 1, 49
tv, 22
danish woman, 5
cheney, 4
player 2, 2
sixth grader 9, 10
gary sr, 22
sports reporter, 13
lion cub 2, 37
lion cub 3, 47
lion cub 1, 36
mysterion, 492
volunteer, 55
volunteer 4, 7
dean howland, 48
woman, 690
head adventurer, 36
rod, 13
chris crocker, 15
grandma marsh's profile, 10
dispatcher 3, 12
dispatcher 2, 9
dispatcher 1, 25
scout, 23
fan, 3
stage hand, 24
voguing skier, 20
alien, 241
big stan, 24
broderick, 29
passenger 2, 11
mitch harris, 15
polly prissy pants, 24
confederates, 2
kenny g, 16
cheesy poofs commercial, 26
damla, 14
lesbians, 5
harry, 149
lisa, 152
becker, 9
tv voice, 20
maggie, 76
cnn anchor, 111
man in wheelchair, 62
townsman 7, 12
ted, 19
promoter, 91
lawyer, 216
dr. carroll, 100
male cps agent, 48
richard, 307
cartman on left, 29
male hippie, 7
associate, 15
border guard, 6
kyan, 58
garth, 8
hc drivers, 1
nurse, 189
paparazzo 9, 26
paparazzo 8, 14
"sheila, 8
little boy, 8
recruits, 1
buds man, 35
fire marshal, 103
paparazzo 2, 5
paparazzo 5, 2
mr. hat actor (!), 4
paparazzo 6, 11
ranger, 40
pioneer paul, 196
palin, 127
popeye, 6
publisher, 69
miss information, 160
garrison's profile, 5
babrady, 59
stella, 154
older man, 213
john ramsey, 82
robert smith, 47
cat burglar, 14
trainer, 90
tree hugger, 13
kenny's mom, 52
hell director, 40
mediator, 71
barker, 164
espn host, 126
spectator 1, 15
mickey mouse, 106
manymoons, 44
ms. garrison, 89
numa numa guy, 1
the colonel, 119
spectator 3, 1
florence, 53
r. wiley, 55
singer (background singers), 106
other fans, 2
archangel, 13
kelly menskin, 1
david letterman, 35
sp adults, 1
poodle, 1
kelly rutherfordmenskin, 1
mr. thompson, 142
glen dumont, 186
pearl, 184
trapper keeper, 16
paparazzo 3, 3
lesbian 7, 12
michael taylor, 15
lesbian 6, 15
some kkk members, 1
lowes pit boss, 12
executive 1, 82
eric roberts (as kevin!), 22
elderly man 6, 14
yolanda, 14
mr. needlebaum, 17
female aide, 8
"jimbo, 3
patron 1, 49
bar patron, 2
elder 3, 15
elder 2, 68
elder 1, 107
lesbian 8, 3
fan 2, 12
vladimir, 91
bishop 3, 5
phillip, 613
lady protester, 21
nagix, 77
wcb president, 52
black player, 15
lady member 2, 37
mrs. streibel, 7
morgan, 34
male, 43
sylvester, 1
shari, 20
peg-leg, 2
"gerald, 17
creature from the black lagoon, 15
autumn, 89
celine, 3
cows, 4
dan akawa, 91
gino, 49
tooth decay, 9
"boys, 6
patrick swayze, 26
police chief, 77
dan snyder, 162
larsen, 71
senator 3, 27
senator 2, 41
senator 1, 26
rick watts, 12
goat, 10
creature, 13
angel 7, 4
uncle stinky, 9
big man, 25
reenactor 2, 1
white bailiff, 7
mrs. biggle, 88
minister of sports, 30
brett, 96
fat cop, 19
brown hare, 3
resident 8, 18
resident 9, 19
tuong, 212
blood, 8
resident 2, 23
resident 3, 32
janitor/farmer 1, 94
resident 1, 63
resident 6, 9
resident 7, 4
resident 4, 75
resident 5, 10
ed mcmahon, 15
a quarantine, 7
susan, 71
leroy, 32
jakovasaur kid 3, 4
k-10, 37
an expert, 32
john edward, 238
the lords, 12
george bailey, 38
a teacher, 18
randy's profile, 8
horatio, 45
"jenny, 2
christina aguilera monster, 2
japanese man 3, 6
japanese man 2, 6
japanese man 1, 6
japanese man 5, 6
lao tse, 21
"nicole, 3
scientist, 143
scott, 661
alex spanos, 16
bum 11, 4
installer, 27
brett favre, 9
bum 12, 2
bum 15, 1
bum 14, 7
bum 17, 3
bum 16, 3
redneck 19, 10
stan and jesus, 4
pimp 2, 49
matthew, 4
mr. weatherhead, 238
gerald, 1432
taller man, 10
other musicians, 6
hildog fan, 3
agent 4, 40
agent 5, 21
agent 6, 44
agent 7, 29
george burns, 22
agent 2, 139
motel clerk, 31
stephen, 1107
speaker, 172
grandmother mother, 11
siimon, 4
agent 8, 20
tom nelson, 43
colleague, 3
cartman, 8915
someone, 13
somebody, 3
president obama, 141
left breast, 17
ceo, 26
males, 14
predator, 10
photographer 3, 2
photographer 2, 12
photographer 1, 3
photographer 4, 3
both kyles, 1
marcus, 77
huddle, 1
redneck 12, 3
sixth grader 6, 11
elder, 123
girls' table, 30
tuong lu kim, 367
funbot, 5
token, 725
ps4 army, 4
new teacher, 14
elderly tree hugger, 5
joanie cunningham, 2
gas mask peta member, 14
crab people, 2
bodybuilder, 9
brunette, 108
proctologist, 53
elderly man 10, 3
elderly man 11, 6
house, 33
yamal, 11
critters, 61
burger king exec, 12
mrs. appleby, 37
principal victoria, 1000
falsetto, 41
zombie mortician, 3
sandy cervix, 103
an official, 6
girl in o t-shirt, 9
chris martin, 79
billy's mom, 10
boy 5, 20
boy 4, 43
the situation, 20
boy 2, 134
boy 1, 198
marcia, 8
gary sr., 139
french delegate, 41
fireman, 50
tron guy, 47
man on porto potty, 32
douglas, 2
monitor man, 2
"mark, 3
gardener, 114
spiky vampire, 27
benjamin, 2
red cross dude, 36
lawrence, 52
mormon 3, 1
the king, 9
lady judge, 31
naked man, 19
snn reporter, 133
show announcer, 10
attendant, 47
schlomo, 22
baby, 9
director, 352
owners, 1
townsperson 2, 6
mrs. garrsion, 31
jambu, 130
jim rome, 172
"mrs, 11
mcgee-zax, 110
finland, 35
the group, 5
american, 3
the scenes, 51
scouts, 15
mrs. mccormick, 373
barber, 11
treasurer 2, 32
chocolate rain guy, 60
former coach, 6
butt out!'s kyle, 36
chef and james taylor, 2
mcdaniels, 16
mrs. testaburger, 90
the human kite, 40
black man, 13
officer barbardy, 12
sailor, 10
pablo, 58
michael collins, 50
nathan's dad, 5
gloria allred, 58
marine, 6
guest, 39
treasurer 1, 40
bhi president, 80
treasurer 3, 26
dr. oz, 110
elderly driver, 32
aide 1, 195
puff daddy, 94
aide 3, 83
aide 2, 203
mama, 117
kindergartner, 13
cartman's good side, 18
murderin' murphy, 37
jarvis, 19
boat ride singers, 21
swiss delegate, 32
premise running thin, 1
both cartmans, 4
female detective, 30
zeus, 30
hippies and kyle, 3
disney exec 3, 14
blonde protester, 11
caroline, 27
dentist, 81
michael bay, 51
head scoutmaster, 87
critter, 7
sir harrington, 64
obama, 454
japanese woman, 42
brunette 2, 2
uaa 2, 5
uaa 3, 16
postum, 176
uaa 1, 18
lion-head alien, 24
duncan everton, 18
stu, 30
officer harris, 7
shlomo, 17
aarp leader, 47
an elderly man, 1
garrison, 191
members, 16
looter 2, 9
looter 1, 4
mickey, 225
obese woman, 31
demon 2, 12
demon 3, 64
demon 1, 84
two kids, 1
the nuggets, 1
oc member 3, 28
oc member 2, 10
oc member 1, 54
blond, 133
zipliner, 1
redheaded prostitute, 6
player 6, 8
numa numa, 7
jeff arrando, 20
a dentist, 2
the office, 3
al roker, 45
emo boy 2, 12
emo boy 1, 29
black woman 2, 7
mr. circlovich, 5
the doctor, 112
the jonas brothers, 7
chairman, 272
michael dorn, 57
kid #2, 7
snn correspondent, 79
mrs. wyland, 4
pianist, 15
fc batter, 20
mr. kitty, 1
foreman, 61
jamie, 26
priest 1, 66
priest 3, 5
priest 2, 29
individual in crowd, 5
kal, 43
country singer, 42
the three spirits, 5
rob schneider, 7
three kids, 7
louse 6, 3
yanogapa, 1
dr. biber, 247
tech 7, 11
grey hat, 46
tech 5, 10
tech 2, 37
tech 3, 41
the japanese, 7
tech 1, 16
aging hippie liberal douche, 69
a hall monitor, 10
guest 4, 1
guest 3, 4
guest 2, 7
guest 1, 2
doctor pal, 136
blond girl, 21
grandmama, 95
fosse, 89
field reporter 3, 50
field reporter 2, 27
thomas, 443
barbrady, 575
dicaprio, 96
passer-by, 4
ginger 1, 48
ginger 2, 19
ginger 3, 17
ginger 4, 13
fireman 1, 43
jared, 306
fireman 3, 3
fireman 2, 67
another ambassador, 26
leader turkey, 2
mccormick parents, 1
duncan, 31
townspeople, 6
american female, 10
martha stewart, 124
gerry's daughters, 1
randy, 3756
stan/kyle, 7
rabbi 3, 22
rabbi 2, 47
rabbi 1, 153
female gambler 1, 6
rabbi 5, 25
rabbi 4, 14
danish man, 32
butters and the freaks, 48
charles biggens, 30
controller 1, 15
controller 2, 24
chief justice, 115
luke, 40
blonde boy, 1
mr. cotswolds, 194
whistle, 2
mother 2, 16
reporters, 4
professor chaos, 284
nc 9 reporter, 68
maintenance guy, 41
michael moore, 16
japanese man 4, 3
pastor phillips, 50
tyler perry, 72
female passenger, 15
inductee, 1
nibblet, 12
a few others, 1
korashki, 52
kids around kenny, 1
witches, 10
inductees, 17
m. c., 32
mrs. hakeem, 23
tad and friends, 2
bart, 59
french canadians, 25
kids around timmy, 1
old cap, 144
kylie, 6
mr. ose, 110
geoff, 45
leslie, 187
elderly lady, 7
lead convict, 20
director 6, 14
bbc anchor, 27
elon musk, 69
ms.mccormick, 2
whistlin' willy, 19
with the kennedys, 8
chinese officer, 3
sergeant yates, 8
fans, 13
female psychic, 72
joe jonas, 26
voice over, 12
brent musberger, 8
director 8, 13
carlos ramirez, 56
steve irwin, 17
shake weight, 170
rosie, 14
the ramseys, 1
wall-mart, 83
frank hammond, 41
teen girl 1, 36
teen girl 2, 26
ike, 496
the broflovskis' answering machine, 10
both, 78
right creature, 3
mr. jabs, 66
canadian 1, 7
man in foreground, 1
elder harris, 52
thom, 117
announcer 3, 50
jeff vanvonderen, 94
ostrich-baby, 3
annie, 68
canadians, 143
canadian 2, 4
patty, 16
brandy's mom, 14
bp man 4, 3
larger group, 11
aaa leader, 39
bp man 3, 14
jeff, 219
sp cabbie, 70
smith, 231
bushy eyebrows boy, 9
tea bag participant, 33
gnomes, 7
biker 3, 5
agents, 2
weasel, 5
a fangirl, 4
the ramseys and condit, 3
ual member 1, 1
devil, 10
garrison 1, 12
principa victoria, 1
dr. phil, 90
swat rescuer hansen, 1
kevern zaksor, 52
nicki, 7
uncle budd, 31
bbc announcer, 5
mrs. hollis, 20
walter, 21
man in background, 2
referee, 97
passengers, 8
older worker, 21
anchor 2, 3
townsman 8, 4
mr. tweek, 10
judge moses, 63
ms. crabtree, 275
top official 2, 28
katherine, 129
representative, 31
guy 2, 1
instructor, 115
a doctor, 17
the males, 24
charlie rose, 129
henrietta's mom, 26
trainee barbrady, 17
rob reiner, 379
"celine, 16
blind man, 5
pilgrim, 35
blonde mother, 16
herbert garrison, 293
governor, 192
male anchor, 13
king claudius, 23
greeley man, 3
mortician, 45
mitchell, 218
guide, 122
oc girl, 13
harrison moore, 128
cheetara, 2
center judge, 61
demon, 1
mrs. crabtree, 13
bridon, 144
mr. farnickle, 8
elder schwartz, 28
dmv official, 32
female agent 2, 26
bearded peta member, 33
white hare, 2
junjun, 29
chase, 39
gacy, 42
italy, 11
grant, 44
netzel, 157
gnome 5, 18
gnome 4, 5
gnome 3, 7
gnome 2, 85
gnome 1, 46
"bebe, 3
mel gibson, 42
franklin, 56
allyson, 138
classmates, 1
the south park boys, 1
raisins girl, 24
donald trump, 1
marklar leader, 46
researcher 3, 3
older woman, 13
other execs, 5
saddam hussein, 83
goth voice, 14
grandpa marvin, 8
reginald, 10
bouncer, 60
american male 3, 3
person, 81
boy with red scarf, 4
cpt. taylor, 108
turd sandwich, 58
kelly, 204
strawberry shortcake, 7
the adults, 7
chad's dad, 7
satan and males, 1
white bitch, 14
ambassador, 52
alvin, 8
hazmat official, 10
officers, 4
everyone else, 3
hooded figure, 61
mob, 15
lexus, 137
prince, 141
jessica's mom, 3
blond officer, 10
headless horseman, 7
taller boy, 36
mr. leon, 2
lady, 9
fbi agent, 118
motorcycle driver, 1
dominique and zizi, 1
townsperson 1, 7
townsperson 3, 1
tv announcer, 75
child singers, 11
ferrari, 7
townsfolk, 108
lao tzu, 14
customers, 2
australia, 24
vendor, 5
colleague 2, 9
otter leader, 47
colleague 1, 16
swat officer 1, 12
swat officer 3, 23
swat officer 2, 107
lead tech, 82
falcon, 21
dvda, 13
tough guy 2, 15
tough guy 1, 119
south park men, 1
blonde peta woman, 22
christine, 73
randy's boss, 9
pirate ghost cutout, 1
chorus, 8
fat man, 31
judge 1, 39
donna, 12
patrick, 23
breeder, 90
deckhand, 5
lead knight, 63
goat leader, 18
weird hat guy, 6
psycho janus, 19
lambtor, 15
frakes, 9
bellboy, 14
james cameron, 166
female announcer, 45
trey parker, 42
skynard man, 4
assistant 1, 4
big woman, 21
lars, 26
rick..., 5
jenny's mother, 12
rider 2, 4
secret service agent, 5
fan wearing #3, 8
tough boy 1, 21
tough boy 2, 18
tough boy 3, 11
goateed man, 16
isiah, 26
commentator, 190
brobee, 10
boy in green shirt, 64
cameraman, 74
redneck 2, 4
smithy, 65
liane and eric, 13
ticket salesman, 113
miss aliton, 20
clyde frog, 21
fed, 8
redneck 4, 9
zombie, 4
cochran, 150
jakovasaurs, 3
santa, 324
carol, 77
mint-berry crunch, 307
james hetfield, 14
gnome, 74
the men, 7
tall goth, 106
bald guy, 19
black bailiff, 2
man 11, 79
man 10, 89
man 13, 13
man 12, 48
man 15, 19
man 14, 38
people in audience, 2
man 16, 18
man 19, 4
germany, 15
roadie 2, 8
farmers, 1
paul shaffer, 2
jimmy, 1663
clinton, 91
grammy, 159
terrorists, 1
ethiopian, 7
aliens, 7
the three men, 2
male counselor, 30
other goths, 1
subway rep 2, 26
the gintses, 1
a melvin, 11
steven, 440
one of the cubs, 1
mr. allens, 41
france, 15
katie, 87
michael chertoff, 338
"token, 6
kid 1, 46
sniper, 1
kid 3, 14
kid 2, 48
kid 5, 3
kid 4, 36
hard candy, 6
bloodrayne, 21
man 28, 4
joozian 2, 90
q money, 53
jada pinkett smith, 25
pedo 5, 1
narrator, 1483
mr. mackey's father, 11
butters, 3641
tom cruise, 325
murphy, 283
tech 4, 44
boys, 131
larry, 339
postem, 17
taco bell exec, 41
russian, 66
pirate 4, 39
hares, 17
matt lauer, 54
a girl, 28
mr. t, 5
mormon 4, 15
dogpoo, 39
caller, 31
the class, 11
al-zawahri, 66
camp warden, 110
dr. doctor, 770
inmate, 17
denver team, 1
mr. vladchick, 9
adults, 26
chad, 70
student 1, 38
goodly, 24
older sister, 1
coordinator, 114
jeff white, 28
eager man, 3
stripper, 16
male 1, 45
et reporter, 34
male 2, 23
a bishop, 37
an older girl, 3
crip, 16
michelle obama, 81
pat sajak, 79
actors, 56
ellen, 48
fan wearing #74, 3
mrs. farnickle, 70
lead screener, 62
sorcerer, 88
alias 3, 8
alias 2, 10
korn, 6
spectators, 4
ginger girl, 3
alias 4, 9
tom snyder, 64
young worker, 23
frances, 26
another mayor, 50
another fan, 1
garrison 2, 12
crowd members, 5
the parents, 24
emo girl, 17
dr. chinstrap, 323
many men, 4
some guy, 1
field reporter, 864
barkley, 18
hillary clinton, 38
kyle two, 308
desk officer, 2
police radio, 9
paramedic, 49
a catfish, 10
rescuer, 13
shades vamp, 9
marvin marsh, 4
flannagan, 27
jason, 141
ganz, 133
british delegate, 20
field reporter 1, 80
kindergoth, 22
steve, 392
penis, 10
passenger 1, 35
passenger 4, 7
robin hood, 21
old folks, 2
the mayor, 229
centers, 4
cody, 108
congregants, 7
simon, 5
butt out! man 3, 2
butt out! man 2, 12
butt out! man 1, 17
michael richards, 1
the team, 2
volunteer 1, 10
voice notification, 31
scoutmaster 1, 16
the queer eye guys, 2
scoutmaster 2, 27
gerald/chris, 3
a british person, 277
female reporter 2, 14
volunteer 3, 36
lesbian 5, 4
dickinson, 63
younger boy, 34
lesbian 9, 3
goodell, 93
tsa agent 1, 34
family, 1
nichole, 157
wendy, 1315
fc pitcher, 51
nick jonas, 3
kitty, 15
the other men, 1
guy in leather jacket, 2
jakov, 209
another cardinal, 29
tom green, 14
"clyde, 5
boy sledders, 1
jersey woman, 7
magic, 96
chubby official, 82
michael, 876
a director, 3
ryan, 133
board rep, 149
ghetto avenue boys, 9
funnybot, 209
nut gobbler, 96
dick cheney, 6
uaa woman, 35
worker 2, 135
crab man 2, 33
crab man 3, 21
tour guide 2, 36
carter, 40
sister anne, 201
elvis' hologram, 17
general tso, 87
storm trooper, 12
hyde, 57
lorraine, 6
elise, 104
male member, 1
sondheim, 75
eric cartman, 54
female anchor, 24
kris, 15
agent marx, 28
tom johansen, 28
donald rumsfeld, 5
mr. meryl, 170
mr. hollis, 52
secret service leader, 21
two small voices, 1
collins, 1
lolly, 76
little slave, 14
larson, 48
raccoony, 46
canadian, 4
selena gomez, 15
others, 22
kyle/stan, 1
seniors, 13
brunet, 149
soldier 5, 25
tv newscaster, 26
eugene levy, 8
soldier 4, 36
disfigured country singer, 109
det. harris, 258
"jason, 6
kanye west, 4
residents, 8
gene, 20
secretary 1, 9
"kenny, 5
sheila, 1188
man in yellow jacket, 5
groundskeeper, 15
truck driver, 155
white chef, 26
president bush, 100
ensign, 5
judge 2, 16
judge 3, 1
mcgillicuddy, 56
cia vice head, 52
geldon, 5
judge 4, 24
the clergy, 8
tommy and his dad, 2
filmore*, 1
indian chief, 43
tow truck driver, 2
hippie, 49
choir boy, 34
kit-9, 33
loogie, 242
jim brown-ish, 81
filmore's supporters, 1
red goth, 113
jerry sanders, 40
dp executives, 4
man 29, 4
butler, 175
frida, 14
man 26, 4
jonathan, 249
man 20, 4
man 21, 4
man 22, 4
man 23, 4
profile 6, 9
student 2, 17
student 3, 1
dentists, 2
news 4 anchor, 67
toolshed, 240
exec. 1, 51
exec. 2, 65
exec. 3, 22
exec. 4, 4
elephant man, 74
female gambler 2, 9
reporter 5, 9
reporter 4, 39
little chef, 62
reporter 1, 126
moses, 134
reporter 3, 128
volunteer 2, 51
customer, 62
britney, 67
the kardashians, 1
purple hare 2, 5
gabriel, 77
athlete, 14
hopkins, 40
with males, 9
randy newman, 72
player 70, 21
convict 2, 15
brunette nurse, 8
executor, 73
jordan, 3
ben roethlisberger, 3
guest speaker, 36
american male 2, 9
policeman brown, 21
american male 1, 11
kenny, 1011
patron, 26
café monet diner, 7
tad, 165
robber 3, 20
blaine, 166
lenora, 3
robber 4, 23
enrique, 1
reveler 2, 7
best buy president, 23
moroccan cardinal, 20
ruby tucker, 1
butt out!, 31
lead agent, 59
park county, 5
charlotte poll worker, 9
cartman's side, 1
ss agent, 20
jared fogle, 15
brian, 311
sia, 11
cable guy, 115
sid, 63
obese man 2, 8
deck hand, 13
the new lyrics, 60
chickadee-y, 48
halfy, 6
kyle's team, 3
bill clinton, 27
a singer, 6
randy and the boys, 2
referee 2, 5
da, 94
congressman 3, 23
skid row, 28
congressman 1, 15
black man 3, 2
studio audience, 7
token's mother, 23
puerto rican player, 7
robot, 20
teen 2, 32
ups man, 103
chief, 169
teen 1, 45
nancy, 61
other classmates, 9
the nerds, 1
coucilman, 13
campers, 25
fiancée, 82
cartman and the gingers, 20
alarm: alert., 11
producer, 439
random voices, 3
elin, 56
terrance/phillip, 7
grampa, 202
louse 13, 16
louse 12, 48
louse 11, 8
louse 10, 12
cruise, 83
ghost 2, 63
italian cardinal, 124
"steve ""last call""", 24
the coon, 352
operative, 2
badger, 21
glen, 77
laborer 3, 5
emperor hirohito, 36
laborer 1, 85
reeve, 186
the giant, 8
"craig's father, 23
farmer friend 2, 44
tyler, 25
redhead, 24
"mysterion, 7
jukebox, 26
dad, 233
cheerleader 1, 2
case worker, 37
kip's mom, 55
will smith, 134
townswoman 2, 2
dan, 132
mall hankey, 42
prime minister, 46
dougie, 237
annoncer, 51
great-great-grampa, 56
woodsy owl, 24
hippies, 23
leonardo dicaprio, 12
a politician, 2
mother 1, 10
wrangler, 5
replacement friend, 2
a santa, 33
chief of security, 85
mountie, 10
boy in blue vest, 84
billy, 224
jay leno, 57
teen girl, 79
the family, 1
princesses, 26
blond cop, 5
alf leader, 108
dp executive 1, 10
dp executive 2, 8
dp executive 3, 24
dp executive 4, 3
dp executive 5, 6
dp executive 6, 17
trooper, 5
bums, 5
dj am, 34
jonesy, 83
designer, 34
poor mom, 21
a voice, 168
programmer, 10
salesman, 54
firkle, 98
celine dion, 102
official 1, 73
thin plumber, 14
rex, 1
official 2, 40
kid's mom, 17
announcer, 2065
rep, 57
homeless advisor, 158
pricipal victoria, 32
denver goalie, 5
tardy man, 11
commentator 2, 41
commentator 1, 61
robert redford, 109
female fan, 4
spectator 2, 22
red, 284
michael deets, 105
fc announcer, 28
harold, 29
scary assistant, 17
swat officer 4, 10
jessica, 39
frank, 244
molly, 1
john elway, 26
frans, 170
bar patron 2, 19
aarp member 3, 3
intruder, 86
crab leader, 40
advisor, 21
some men, 5
fbi leader, 33
princess, 31
minstrel, 65
elderly woman 4, 11
elderly woman 6, 10
jimmy buffett, 47
elderly woman 1, 20
elderly woman 2, 9
elderly woman 3, 7
obese man, 2
french cardinal, 24
stephen abootman, 304
david, 180
short man, 26
mr. grazier, 136
farmer carl, 59
cleric 3, 32
nobunaga, 9
waitress, 129
mr. stevenson, 91
geddy lee, 19
charlie brown, 11
charise, 32
firefighter, 8
jesus, 1029
staffer 2, 32
staffer 3, 13
muhammad, 4
staffer 1, 23
number 24, 14
female agent, 28
owner, 69
dr. hallis, 180
"red, 2
man 9, 65
man 8, 89
beary, 70
iggy's ass, 7
yoko ono, 68
male diner, 30
man 1, 473
iraqi general, 66
man 3, 278
man 2, 418
man 5, 133
man 4, 202
man 7, 123
man 6, 107
mall bunny, 58
white official, 33
two guys, 2
redneck 25, 4
sergeant, 109
mrs. landis, 31
bulter, 7
missy, 4
network anchor, 46
toodee, 6
barbardy, 10
bar patrons, 2
mrs. polk, 23
lamont, 204
aaron brown, 133
other vampires, 2
grandpa, 247
pat o'brien, 40
john walsh, 63
prop. 10 supporter, 4
lamond, 198
the kids of south park elementary, 73
bodyguard, 3
ben, 131
p. sanchez, 6
manning, 14
dc crewman, 5
stewie, 8
chef (falsetto), 54
tommy, 31
fingerbang, 29
mackey, 224
man 32, 4
emmett, 13
mingie, 321
reveler 3, 1
man 25, 4
obese lady, 5
anthropologist, 84
the pope, 10
kfc exec, 43
the boy, 5
elderlay man, 1
bertha, 15
receptionist, 308
uncle howard, 12
pewdiepie, 126
incredibly obese black man, 11
man in briefs, 8
the three adults, 1
milly, 31
deery deer, 13
hare 1, 2
hare 2, 2
david lee roth, 17
hare 4, 2
queen elizabeth ii, 13
brad paisley, 26
hare 7, 6
a caller, 23
ual leader, 7
mr. donaldson, 142
linda, 738
martha, 196
pharmacist, 162
mrs. turner, 66
hackman, 76
brazil, 2
bear cub, 1
female activist, 4
barbra streisand, 221
cnn reporter, 67
rescuer 2, 28
rescuer 3, 13
rescuer 1, 44
rescuer 6, 5
rescuer 4, 6
rescuer 5, 5
stan/kyle/ cartman, 3
nick nolte, 43
camp soldier, 24
phyllis, 51
suzette, 27
sally, 154
class, 105
ishmael, 1
cartman and kyle, 2
greeley team, 4
mitch, 127
cia leader 2, 64
redneck 23, 3
alien 2, 24
alien 3, 1
dreadlocked peta man, 24
alien 1, 4
indy, 24
reenactor 3, 1
reenactor 1, 1
munky, 45
businessman, 14
o.j. simpson, 17
denver player 3, 7
denver player 4, 10
ho, 5
new director, 8
all the kids, 1
blaintologist, 18
sixth grade leader, 79
gail, 2
hamlet, 103
ed sullivan, 24
chris/saddam, 1
yimenez, 9
fox president, 189
soldiers, 15
mrs. tucker, 31
beary bear, 39
new kenny, 19
principal, 58
sparky, 3
chef and principle victoria, 1
sheriff, 13
jay, 8
someone in the crowd, 1
madman, 17
mr. glughgogawk, 1
police officer, 43
betsy, 157
native paddler in vest, 3
satan, 795
jai, 24
employee, 23
member 7, 38
member 4, 1
pi pi, 206
member 2, 54
member 3, 46
member 1, 119
jacqueline, 27
female director 2, 8
brunet boy, 17
bonds, 7
barnaby jones, 20
coworker, 3
black bouncer, 7
mrs. feegan, 49
brunette 3, 6
joint, 35
chief stevens, 46
wise man, 45
occupant, 7
dental floss, 26
snetzl, 120
future butters, 13
mj hologram, 45
miss stevenson, 187
mr. black, 19
mr. takiyama, 128
other sixth graders, 2
mr. brown, 78
"satan, 2
angel 11, 10
officer barbrady, 603
felipe, 10
the kids, 8
teen boy 4, 1
teen boy 5, 12
teen boy 6, 66
little vamp, 12
teen boy 1, 11
paolo captain, 39
teen boy 3, 20
fire chief, 7
teen boy 8, 13
beefcake, 66
mayor mcdaniels, 553
travis, 237
computer, 48
phil collins, 171
gang members, 29
border officer 1, 22
border officer 2, 146
border officer 3, 9
border officer 4, 22
border officer 5, 3
hbc reporter, 29
male psychic 1, 37
male psychic 2, 25
ticket teller, 18
posse, 21
ralph, 22
evan stone, 3
redneck 18, 1
mexicans, 7
marsha, 26
copilot, 39
frank sinatra, 26
fc team, 4
sixth grader, 22
laborer 2, 30
mr. pirrip, 23
"crew, 2
janet, 332
oragne cat, 2
elderly priest, 50
suitcase, 7
blonde peta member, 10
manuel, 3
man 27, 4
joe, 374
formena, 5
kyle broflovski, 36
girl 2, 45
girl 3, 25
hobo, 24
mr. varcas, 47
marty, 84
tv crew director, 15
mrs. sanders, 5
marklar dispatcher, 7
laborer 5, 32
gingers, 41
sawitsky, 66
darryl, 11
alien man, 109
pat the hammer, 18
steve bischiotti, 11
a pilot, 4
jim, 18
nambla member, 13
mr. garrett, 94
cd, 11
redneck 14, 5
leeroy, 21
security agent, 106
the avs, 3
"heidi, 3
apple tech, 9
damanta unit 5, 1
all three men, 1
michael jackson, 29
willy, 27
mailman, 84
blond trekker, 25
spirit 2, 31
elderly passenger, 12
nellie, 64
canyoner, 26
yao, 43
sparrow prince, 79
both men, 1
nambla leader, 218
kurt russell, 91
mr. nelson, 205
domino, 3
trinity, 15
suicide 3, 1
other nambla men, 5
mike, 227
kurt's hologram, 37
police officer 1, 2
vince, 53
hall monitor, 16
al, 48
bb founder, 124
steve black, 62
ual 3, 23
denver player, 8
dream estella, 9
soccer captain, 8
strummer, 17
mr. waters, 19
ohrlich, 83
british cardinal, 50
large woman, 40
reporter 6, 3
raisins girls, 4
captain paul watson, 4
vj, 26
kyles, 1
kevin jonas, 1
a member, 3
chef (recording), 5
aarp member, 27
partner, 131
petey/boys, 1
walter cronkite, 56
bill's hologram, 17
somali 1, 4
announcer 2, 74
squirt leader, 223
somali 2, 7
goths, 1
pirate ghost 2, 1
bob thomas, 90
draco, 6
mimsy, 249
foxy, 41
mr. foley, 151
dr. doom, 7
mr. sanders, 87
"stephen, 9
umpire 2, 31
redneck 11, 22
redneck 10, 12
redneck 13, 62
canadian paparazzo, 31
redneck 15, 5
elderly voice, 4
redneck 17, 4
redneck 16, 1
kids in class, 2
fire captain, 103
phl, 13
brad, 3
mr. brooks, 32
middle dwarf, 13
kyle., 3
other priests, 3
mr. williams, 3
student, 96
figure 1, 26
pink hare, 44
new kid, 1
townsman 12, 1
janet reno, 108
judge julie, 130
peter griffin, 20
ashley, 9
sheila broflovski, 33
yates, 597
fox 11 anchor, 32
perseus, 65
gunsmith, 57
a counselor, 9
reporter 2, 230
banker, 8
osric, 10
spectator, 3
the phantom, 6
steve nelson, 14
howard stern, 100
band member 1, 37
band member 2, 22
band member 3, 5
atf agent, 54
david carradine, 15
rick james, 21
chief aide, 95
detective 3, 33
first mate, 12
old man, 17
steve jobs, 217
detective 4, 12
oprah winfrey, 46
mr. hart, 25
man with afro, 2
army doctor, 6
bp man 2, 5
paul, 68
male staffer, 50
mrs. streible, 1
pink monster, 20
susan92's profile, 9
les claypool, 35
bp man 1, 9
sgt. yates, 370
patricia, 12
a page, 3
clyde, 776
male activist, 4
townsman 9, 7
citizen, 12
sally struthers, 94
townsman 6, 27
townsman 5, 11
townsman 4, 9
townsman 3, 9
townsman 2, 29
townsman 1, 23
a crewman, 2
o'reilly, 28
"kyle, 30
mr garrison, 4
researcher 2, 14
protesters, 22
researcher 1, 117
nick jabs, 16
whispers, 8
russell crowe (off-screen), 5
mr. kincade, 228
hankey elf, 18
older brother, 4
patron 5, 3
el presidente, 151
kevin harris, 115
lincoln, 1
sarah mclachlan, 65
jonas brothers, 131
pirate choir, 6
clown, 8
miley cyrus, 27
matt stone, 17
the ladies, 1
martin, 43
"black vamp, 5
refugees, 3
page, 37
fc batter 1, 2
programmer 4, 3
programmer 5, 8
programmer 1, 2
programmer 2, 15
programmer 3, 6
petey, 207
the other members, 1
trucker, 54
blood 3, 5
peter, 322
paul allen, 20
sgt. masters, 16
elder carn, 6
blood 2, 8
director 10, 6
other students, 3
henchman, 4
steamy nicks, 4
hollis, 146
chief joe, 71
luke skywalker, 96
prerecorded voice, 5
lady member, 133
tsa agent 2, 40
dr. roberts, 159
dr. phillips, 151
leader, 206
evil cartman, 162
worker 3, 29
worker 1, 155
worker 4, 30
tco reporter, 23
mitt, 46
lars ulrich, 20
lieutenant, 6
host, 347
miner 2, 23
gandalf, 42
grrm, 227
uaa member 2, 1
uaa member 1, 28
medicine man, 20
cipac, 8
profile 4, 1
profile 5, 8
profile 2, 9
lambtron, 14
profile 1, 9
mrs. melman, 7
greeley batter, 1
shvek, 163
the kkk, 4
fleetwood mac, 16
midget, 36
executives, 1
joanie, 2
bebe's mom, 82
quint 4, 4
quint 5, 12
quint 2, 49
ranger mcfriendly, 154
christina naylon, 43
quint 1, 45
weird man, 21
evgames clerk, 12
stan, 5114
guard, 190
officer 10, 13
peta man, 3
female, 35
puffy the bear, 11
bronco 1, 6
top girl, 5
teabag, 192
bronco 2, 6
bar patron 1, 26
male voice, 6
brother anderson, 10
van gelder, 49
recruiter, 27
cinderella, 24
carlos mencia, 78
proprietor, 7
peters, 6
alec baldwin, 108
resident bishop, 32
madame foreperson, 23
hula dancers, 9
sky-fi reporter, 54
all celebrities, 1
lift operator, 10
mr. triscotti, 32
some townsfolk, 3
crewman 1, 34
crewman 2, 24
crewman 3, 27
crewman 4, 10
crewman 5, 7
crewman 6, 19
bum, 27
assemblywoman 1, 24
the tv, 4
michael douglas, 1
mrs. cartman, 21
balding man, 163
mr. yelman, 36
angel 12, 6
angel 10, 4
john cena, 24
official, 145
singer (and backup singers), 78
guests in line, 1
aslan, 230
protestor #2, 8
dick dastardly, 4
betsy macintosh, 54
father maxi, 249
jimbo kern, 5
lab tech 3, 8
jenny, 118
maury, 257
patron 10, 2
rabbity, 44
pig, 12
nerd #1, 185
ual 2, 13
ual 1, 20
nerd #2, 133
roulette dealer, 4
a sign-holder, 3
rosie o'donnell, 88
pip, 569
dawson, 243
ticket 2974 holder, 4
don king, 42
eric, 13
bum 1, 3
head agent, 7
bum 3, 5
bum 2, 3
bum 5, 1
bum 4, 1
emmanuel lewis, 40
wyoming coach, 4
bum 9, 7
bum 8, 1
burly man, 21
instructors, 4
niles, 302
justin bieber, 10
romanian protesters, 4
redneck 28, 5
cowlick vampire, 10
annoucer, 18
gram'ma, 8
neely, 18
kindergarten boy, 6
dr. tonton, 37
matt, 137
real mackey, 16
cruise attendant, 14
stab, 17
richardson, 36
road warrior queef, 21
m.c, 10
redneck 26, 4
mr. hakeem, 68
cliff, 70
ghost, 18
mr. casher, 23
sphinx, 164
assemblywoman 2, 41
lead agent collins, 22
the ghost of human kindness, 135
officer 9, 5
indiglo girls singer, 8
doctor 1, 21
yo gabba gabba, 1
doctor 2, 67
local announcer 1, 19
redneck 29, 4
heidi, 114
melvin 1, 6
alan jackson, 70
black officer, 11
redneck 27, 3
redneck 20, 8
redneck 21, 3
redneck 22, 9
benedict xvi, 21
